year,name,births
2023,LUCIA,3076
2023,SOFIA,2990
2023,MARTINA,2507
2023,MARIA,2242
2023,JULIA,2162
2023,VALERIA,2047
2023,OLIVIA,1838
2023,EMMA,1770
2023,PAULA,1720
2023,VEGA,1719
2023,MIA,1660
2023,ALMA,1615
2023,CARMEN,1615
2023,DANIELA,1543
2023,CARLA,1507
2023,LARA,1418
2023,SARA,1389
2023,JIMENA,1362
2023,LOLA,1355
2023,GALA,1339
2023,NOA,1298
2023,ALBA,1283
2023,CLAUDIA,1269
2023,CHLOE,1221
2023,VALENTINA,1197
2023,AITANA,1037
2023,ALEJANDRA,1005
2023,MANUELA,986
2023,TRIANA,980
2023,LAIA,936
2023,CANDELA,917
2023,ABRIL,898
2023,ANA,897
2023,ZOE,897
2023,INES,880
2023,VICTORIA,866
2023,VERA,864
2023,ELENA,857
2023,ADRIANA,828
2023,BLANCA,813
2023,CARLOTA,746
2023,NORA,727
2023,MARINA,723
2023,ROCIO,702
2023,CLARA,693
2023,LIA,679
2023,LUNA,666
2023,AMIRA,608
2023,MARTA,606
2023,ALICIA,583
2023,INDIA,553
2023,LEIRE,542
2023,CELIA,529
2023,LAURA,528
2023,ARIADNA,526
2023,EVA,492
2023,ONA,487
2023,GABRIELA,479
2023,IRENE,461
2023,ISABEL,445
2023,AFRICA,440
2023,ADARA,420
2023,ANGELA,410
2023,IRIS,408
2023,AINARA,394
2023,AINA,382
2023,LINA,378
2023,ANDREA,376
2023,MAR,376
2023,ALAIA,372
2023,JULIETA,370
2023,IRIA,362
2023,NAIA,358
2023,DIANA,346
2023,NOUR,341
2023,ELSA,340
2023,MACARENA,336
2023,ISABELLA,330
2023,CATALINA,326
2023,MARA,325
2023,AURORA,323
2023,VIOLETA,323
2023,ELIA,319
2023,JANA,314
2023,AINHOA,313
2023,CLOE,305
2023,CATALEYA,303
2023,LEYRE,302
2023,YASMIN,292
2023,NEREA,291
2023,CAYETANA,285
2023,ANTONELLA,282
2023,CAMILA,282
2023,FATIMA,280
2023,HELENA,279
2023,CAROLINA,275
2023,AROA,273
2023,LAYAN,273
2023,AYA,272
2023,ROMA,268
2024,SOFIA,3325
2024,LUCIA,2830
2024,MARTINA,2364
2024,MARIA,2189
2024,VEGA,2129
2024,JULIA,2071
2024,OLIVIA,1896
2024,VALERIA,1792
2024,MIA,1646
2024,EMMA,1618
2024,PAULA,1527
2024,CARMEN,1518
2024,ALMA,1431
2024,CARLA,1413
2024,LOLA,1378
2024,GALA,1346
2024,LARA,1327
2024,DANIELA,1319
2024,SARA,1305
2024,JIMENA,1280
2024,CHLOE,1198
2024,VALENTINA,1174
2024,CLAUDIA,1146
2024,NOA,1107
2024,ALBA,1073
2024,LAIA,1046
2024,CANDELA,983
2024,MANUELA,976
2024,VICTORIA,960
2024,TRIANA,957
2024,ALEJANDRA,940
2024,VERA,883
2024,ANA,880
2024,ELENA,860
2024,AITANA,847
2024,CARLOTA,846
2024,BLANCA,832
2024,ZOE,815
2024,INES,803
2024,ADRIANA,789
2024,LIA,740
2024,ABRIL,736
2024,NORA,728
2024,CLARA,723
2024,MARINA,703
2024,LUNA,660
2024,ROCIO,654
2024,MARTA,625
2024,AMIRA,601
2024,ALICIA,586
2024,CELIA,564
2024,GABRIELA,552
2024,EVA,498
2024,LAURA,498
2024,LEIRE,497
2024,ONA,475
2024,INDIA,472
2024,ARIADNA,453
2024,JULIETA,442
2024,IRENE,437
2024,ALAIA,428
2024,ISABEL,413
2024,CATALINA,408
2024,ISABELLA,399
2024,IRIA,394
2024,IRIS,389
2024,VIOLETA,380
2024,ANGELA,377
2024,AURORA,375
2024,MAR,371
2024,AFRICA,366
2024,AINA,363
2024,DIANA,359
2024,CATALEYA,357
2024,NOUR,354
2024,ANTONELLA,353
2024,LINA,342
2024,ADARA,340
2024,AINARA,338
2024,ANDREA,335
2024,YASMIN,329
2024,AYA,326
2024,AINHOA,315
2024,ALANA,312
2024,MACARENA,308
2024,NAIA,304
2024,JANA,293
2024,ELSA,291
2024,LAYAN,289
2024,ARIA,283
2024,ELIA,282
2024,HELENA,282
2024,CAMILA,281
2024,MAIA,273
2024,AMELIA,271
2024,AROA,269
2024,LEYRE,268
2024,NEREA,266
2024,TERESA,264
2024,FATIMA,263
